15923,GRP
60133,GRP
83681,IND
65507,IND
34263,IND
49139,IND
58995,IND
88490,IND
46444,IND
60587,IND
44546,GRP
51628,IND
40110,GRP
15998,GRP
96457,GRP
70841,IND
46139,GRP
40386,GRP
98916,GRP
32190,GRP
27550,GRP
24040,GRP
73516,IND
88905,IND
42112,IND
37740,IND
72405,GRP
47445,GRP
27158,OTH
17183,IND
42325,GRP
15180,IND
58026,IND
81352,IND
33133,GRP
91036,GRP
22882,IND
40842,IND
73612,IND
15815,GRP
24049,IND
79204,GRP
46229,GRP
34669,GRP
34575,GRP
20357,IND
52445,OTH
10991,GRP
57135,GRP
72369,GRP
42192,IND
43587,IND
41553,OTH
62986,GRP
70051,GRP
73642,IND
11645,GRP
72274,IND
21524,IND
84579,GRP
59519,GRP
51386,IND
10918,GRP
57541,IND
25125,IND
61295,OTH
53351,IND
25463,OTH
85613,GRP
85886,IND
54621,IND
80397,IND
67926,GRP
41588,GRP
51948,IND
28196,OTH
50376,IND
45304,IND
27228,GRP
57326,GRP
88221,IND
97610,GRP
63048,IND
30075,IND
60466,GRP
25685,IND
16333,IND
78417,IND
51525,IND
84550,IND
23530,IND
57284,GRP
59700,IND
13433,GRP
80197,OTH
79309,GRP
47696,GRP
55633,IND
87934,GRP
27455,IND
83466,IND
48657,IND
86611,GRP
12193,GRP
63985,IND
20522,OTH
70324,IND
89329,GRP
11100,IND
83240,GRP
81890,IND
72037,GRP
94607,OTH
72531,GRP
98575,IND
58342,IND
39429,IND
18786,IND
67049,IND
98216,GRP
37649,IND
59751,IND
92215,GRP
22311,GRP
75125,IND
21354,IND
22594,GRP
33394,IND
56513,IND
59691,GRP
41997,IND
56637,IND
97410,OTH
77746,IND
17704,GRP
61674,IND
39860,IND
79934,IND
55048,OTH
76833,GRP
55832,GRP
32056,OTH
67841,IND
94427,GRP
96594,IND
62689,IND
35968,OTH
14516,OTH
15866,IND
57185,IND
91430,GRP
29203,IND
27913,OTH
46410,IND
16856,OTH
89200,IND
45269,GRP
15437,GRP
91472,IND
98531,GRP
98685,GRP
31665,IND
38732,GRP
46983,IND
22067,OTH
79756,GRP
99563,OTH
23542,GRP
83416,IND
67418,IND
58632,IND
35612,OTH
96905,IND
79778,IND
90328,IND
71350,IND
43782,OTH
58287,IND
32061,IND
63129,GRP
74797,IND
25177,IND
87428,IND
39400,GRP
88745,IND
70443,GRP
90327,IND
65545,GRP
58543,GRP
79222,GRP
72401,IND
31354,GRP
29008,IND
41590,IND
72523,GRP
14640,IND
74909,IND
96397,GRP
34030,IND
29113,OTH
11286,IND
41821,IND
76379,OTH
52080,IND
51762,IND
71592,IND
78688,GRP
76135,OTH
30778,IND
22569,GRP
48938,OTH
41438,OTH
73439,GRP
